"State","YearCode","Amount.of.Hydrogencarbonate","SDP","sdp2","sdp3","Ginni.Index","HDI","MarginOfVictory","percentagePoverty","literacyRate","Poverty_Literacy","Literacy_HDI","log_SDP","log_SDP2","log_SDP3"
"Andhra Pradesh",2000,241.525159154571,126035,15884821225,2002043443092875,0.394,0.473,0.055,0.158,0.605,0.09559,0.286165,11.7443149251383,23.4886298502766,35.2329447754149
"Andhra Pradesh",2001,414.366666666667,131750,17358062500,2286924734375000,0.394,0.479,0.027,0.158,0.605,0.09559,0.289795,11.7886614664036,23.5773229328072,35.3659843992108
"Andhra Pradesh",2003,91.5,147950,21889202500,3238507509875000,0.394,0.504,0.143,0.158,0.605,0.09559,0.30492,11.9046296578284,23.8092593156567,35.7138889734851
"Andhra Pradesh",2004,267.913072230602,121388,14735046544,1788657829883072,0.394,0.515,0.0962,0.299,0.605,0.180895,0.311575,11.7067473059344,23.4134946118688,35.1202419178032
"Andhra Pradesh",2005,430.300222222222,128150,16422422500,2104533443375000,0.394,0.526,0.0962,0.299,0.605,0.180895,0.31823,11.7609567317922,23.5219134635844,35.2828701953767
"Andhra Pradesh",2006,264.52370151778,141610,20053392100,2839760855281000,0.394,0.538,0.0962,0.299,0.605,0.180895,0.32549,11.8608320792171,23.7216641584342,35.5824962376513
"Andhra Pradesh",2007,394.621395225464,159270,25366932900,4040191402983000,0.394,0.548,0.0962,0.299,0.605,0.180895,0.33154,11.9783561542458,23.9567123084917,35.9350684627375
"Andhra Pradesh",2008,345.321702848598,163341,26680282281,4357983988060821,0.394,0.557,0.0962,0.299,0.605,0.180895,0.336985,12.0035953190926,24.0071906381852,36.0107859572779
"Andhra Pradesh",2009,289.166163927606,174401,30415708801,5304530030603201,0.394,0.563,0.0596666666666667,0.211,0.677,0.142847,0.381151,12.0691125243855,24.1382250487711,36.2073375731566
"Andhra Pradesh",2010,389.728476176846,186041,34611253681,6439112246066921,0.27,0.574,0.0596666666666667,0.211,0.677,0.142847,0.388598,12.1337223585117,24.2674447170234,36.4011670755352
"Andhra Pradesh",2011,350.820151177325,339996,115597280016,39302612816319936,0.27,0.589,0.0596666666666667,0.092,0.677,0.062284,0.398753,12.7366891318173,25.4733782636345,38.2100673954518
"Andhra Pradesh",2013,288.259696863107,360239,129772137121,46748984904331920,0.27,0.608,0.0596666666666667,0.092,0.677,0.062284,0.411616,12.7945229790444,25.5890459580889,38.3835689371333
"Andhra Pradesh",2014,310.748154860835,397064,157659820096,62601038806598144,0.27,0.621,0.0668333333333333,0.092,0.67,0.06164,0.41607,12.8918527557446,25.7837055114891,38.6755582672337
"Andhra Pradesh",2015,418.434280776441,446997,199806318009,89312824731068976,0.27,0.631,0.0668333333333333,0.092,0.67,0.06164,0.42277,13.0103071621638,26.0206143243276,39.0309214864914
"Andhra Pradesh",2016,397.932779597337,477566,228069284356,108918135852757488,0.27,0.643,0.0668333333333333,0.092,0.67,0.06164,0.43081,13.0764576492467,26.1529152984934,39.2293729477402
"Andhra Pradesh",2017,436.736712361713,526626,277334943876,146051792153642368,0.27,0.645,0.0668333333333333,0.092,0.67,0.06164,0.43215,13.1742458981639,26.3484917963278,39.5227376944918
"Andhra Pradesh",2018,406.090059979795,558862,312326735044,174547543800159936,0.27,0.644,0.0668333333333333,0.092,0.67,0.06164,0.43148,13.2336578522503,26.4673157045006,39.7009735567509
"Assam",2005,139.837962962963,48602,2362154404,114805428343208,0.413,0.526,0.144333333333333,0.344,0.633,0.217752,0.332958,10.7914199613052,21.5828399226105,32.3742598839157
"Assam",2006,137.95,50797,2580335209,131073287611573,0.413,0.536,0.162333333333333,0.344,0.633,0.217752,0.339288,10.8355925767046,21.6711851534093,32.5067777301139
"Assam",2007,132.219163574521,52968,2805609024,148607498783232,0.413,0.543,0.143285714285714,0.344,0.633,0.217752,0.343719,10.8774432366047,21.7548864732094,32.632329709814
"Assam",2008,130.859788676236,56123,3149791129,176775727532867,0.413,0.547,0.152333333333333,0.344,0.633,0.217752,0.346251,10.9353009896657,21.8706019793315,32.8059029689972
"Assam",2009,104.738888888889,61294,3756954436,230278765200184,0.413,0.551,0.036,0.379,0.732,0.277428,0.403332,11.0234372378516,22.0468744757032,33.0703117135548
"Assam",2010,110.428571428571,64310,4135776100,265971760991000,0.289,0.56,0.0686666666666667,0.379,0.732,0.277428,0.40992,11.0714704191289,22.1429408382578,33.2144112573867
"Assam",2011,185.470833333333,129354,16732457316,2164410283653864,0.289,0.572,0.092,0.32,0.732,0.23424,0.418704,11.7703081109861,23.5406162219721,35.3109243329582
"Assam",2012,159.87619047619,132518,17561020324,2327151291295832,0.289,0.58,0.0855714285714286,0.32,0.732,0.23424,0.42456,11.7944737642384,23.5889475284767,35.3834212927151
"Assam",2013,114.633333333333,138725,19244625625,2669710689828125,0.289,0.585,0.0686666666666667,0.32,0.732,0.23424,0.42822,11.8402488351941,23.6804976703882,35.5207465055823
"Assam",2014,77.5758241758242,146425,21440280625,3139393090515625,0.289,0.593,0.17,0.32,0.722,0.23104,0.428146,11.894268630958,23.788537261916,35.682805892874
"Assam",2015,73.5,167629,28099481641,4710288007999189,0.289,0.599,0.163666666666667,0.32,0.722,0.23104,0.432478,12.0295084830882,24.0590169661765,36.0885254492647
"Assam",2016,96.3213439221842,179632,32267655424,5796303479123968,0.289,0.606,0.17,0.32,0.722,0.23104,0.437532,12.0986655926986,24.1973311853971,36.2959967780957
"Assam",2017,99.1203703703704,195262,38127248644,7444802824724728,0.289,0.61,0.195333333333333,0.32,0.722,0.23104,0.44042,12.1820975254805,24.3641950509609,36.5462925764414
"Assam",2018,115.190909090909,204627,41872209129,8568184537439883,0.289,0.61,0.149833333333333,0.32,0.722,0.23104,0.44042,12.2289440886025,24.4578881772049,36.6868322658074
"Bihar",2000,239.340476190476,53656,2878966336,154473817724416,0.446,0.43,0.0922857142857143,0.426,0.47,0.20022,0.2021,10.8903485777796,21.7806971555591,32.6710457333387
"Bihar",2001,317.665934065934,50579,2558235241,129392980254539,0.446,0.434,0.0927692307692308,0.426,0.47,0.20022,0.20398,10.8312917493682,21.6625834987363,32.4938752481045
"Bihar",2004,337.298941798942,70167,4923407889,345460761347463,0.446,0.457,0.101,0.544,0.47,0.25568,0.21479,11.158633394019,22.317266788038,33.475900182057
"Bihar",2005,274.847083333333,68419,4681159561,320280256004059,0.446,0.465,0.07675,0.544,0.47,0.25568,0.21855,11.1334058428153,22.2668116856306,33.4002175284459
"Bihar",2006,289.850952380952,80260,6441667600,517008241576000,0.446,0.473,0.1226,0.544,0.47,0.25568,0.22231,11.2930266438209,22.5860532876418,33.8790799314627
"Bihar",2007,256.512662337662,84415,7125892225,601532192173375,0.446,0.483,0.0977727272727273,0.544,0.47,0.25568,0.22701,11.3435003899113,22.6870007798226,34.0305011697339
"Bihar",2008,263.095265151515,97284,9464176656,920712961802304,0.446,0.492,0.098,0.544,0.47,0.25568,0.23124,11.4853898147757,22.9707796295514,34.4561694443271
"Bihar",2009,253.361783771784,101938,10391355844,1059274032025672,0.446,0.498,0.123807692307692,0.535,0.638,0.34133,0.317724,11.5321200643176,23.0642401286352,34.5963601929529
"Bihar",2010,372.991005291005,117503,13806955009,1622358634422527,0.401,0.508,0.112095238095238,0.535,0.638,0.34133,0.324104,11.6742191441553,23.3484382883106,35.0226574324659
"Bihar",2011,349.424304152637,228497,52210879009,11930029220919474,0.401,0.521,0.12037037037037,0.337,0.638,0.215006,0.332398,12.3392783601274,24.6785567202547,37.0178350803821
"Bihar",2012,283.251211233211,236933,56137246489,13300766222378236,0.401,0.531,0.116576923076923,0.337,0.638,0.215006,0.338778,12.375532679728,24.7510653594561,37.1265980391841
"Bihar",2013,284.966386882665,246915,60967017225,15053671058110876,0.401,0.538,0.12037037037037,0.337,0.638,0.215006,0.343244,12.4167994268293,24.8335988536586,37.2503982804879
"Bihar",2016,261.518070141769,289265,83674240225,24204029098684624,0.401,0.568,0.11148,0.337,0.618,0.208266,0.351024,12.5750985019654,25.1501970039309,37.7252955058963
"Bihar",2017,79.5,312605,97721886025,30548350180845124,0.401,0.575,0.1635,0.337,0.618,0.208266,0.35535,12.6526956917232,25.3053913834465,37.9580870751697
"Bihar",2018,48.8,345545,119401347025,41258538457753624,0.401,0.579,0.21,0.337,0.618,0.208266,0.357822,12.7528781597288,25.5057563194577,38.2586344791865
"Chhattisgarh",2001,177.002652519894,25503,650403009,16587227938527,0.46,0.555,0.098,NA,0.647,NA,0.359085,10.1465513712855,20.2931027425709,30.4396541138564
"Chhattisgarh",2002,162.998376623376,25072,628605184,15760389173248,0.46,0.559,0.098,NA,0.647,NA,0.361673,10.1295069645958,20.2590139291916,30.3885208937874
"Chhattisgarh",2004,163.715277777778,41387,1712883769,70891120547603,0.46,0.575,0.126,0.494,0.647,0.319618,0.372025,10.6307221008402,21.2614442016804,31.8921663025206
"Chhattisgarh",2005,164.797785547786,42063,1769295969,74421896344047,0.46,0.581,0.126,0.494,0.647,0.319618,0.375907,10.6469237733892,21.2938475467785,31.9407713201677
"Chhattisgarh",2006,147.333333333333,50065,2506504225,125488134024625,0.46,0.587,0.126,0.494,0.647,0.319618,0.379789,10.8210774401419,21.6421548802838,32.4632323204257
"Chhattisgarh",2007,149.309523809524,54112,2928108544,158445809532928,0.46,0.582,0.126,0.494,0.647,0.319618,0.376554,10.8988112516983,21.7976225033966,32.6964337550949
"Chhattisgarh",2008,157.06294117647,57662,3324906244,191720743841528,0.46,0.576,0.126,0.494,0.647,0.319618,0.372672,10.9623536566817,21.9247073133634,32.8870609700452
"Chhattisgarh",2009,174.3,59263,3512103169,208137770104447,0.46,0.569,0.102,0.487,0.7404,0.3605748,0.4212876,10.9897404442134,21.9794808884268,32.9692213326401
"Chhattisgarh",2011,263.222222222222,142273,20241606529,2879834085700417,0.342,0.568,0.178,0.399,0.7404,0.2954196,0.4205472,11.8655030260891,23.7310060521782,35.5965090782673
"Chhattisgarh",2012,276.875,148760,22129537600,3291990013376000,0.342,0.566,0.102,0.399,0.7404,0.2954196,0.4190664,11.910089548039,23.820179096078,35.730268644117
"Chhattisgarh",2013,210.126984126984,163494,26730288036,4370241712157784,0.342,0.574,0.085,0.399,0.7404,0.2954196,0.4249896,12.0045315713984,24.0090631427968,36.0135947141951
"Chhattisgarh",2014,147.4375,165354,27341945316,4521100025781864,0.342,0.585,0.176333333333333,0.399,0.703,0.280497,0.411255,12.0158439092271,24.0316878184542,36.0475317276813
"Chhattisgarh",2015,49.2638888888889,168879,28520116641,4816448778215439,0.342,0.595,0.176333333333333,0.399,0.703,0.280497,0.418285,12.0369377611404,24.0738755222808,36.1108132834212
"Chhattisgarh",2016,142.680620155039,187541,35171626681,6596122039381421,0.342,0.605,0.176333333333333,0.399,0.703,0.280497,0.425315,12.1417527671552,24.2835055343104,36.4252583014656
"Chhattisgarh",2017,162.128547854785,194073,37664329329,7309629385867017,0.342,0.611,0.132,0.399,0.703,0.280497,0.429533,12.1759896559264,24.3519793118529,36.5279689677793
"Chhattisgarh",2018,227.871764705882,209211,43769242521,9157006997060930,0.342,0.615,0.162,0.399,0.703,0.280497,0.432345,12.2510985910525,24.502197182105,36.7532957731575
"Delhi",2000,284.666666666667,53177,2827793329,150373565856233,0.236,0.657,0.123,0.082,0.817,0.066994,0.536769,10.8813812510208,21.7627625020415,32.6441437530623
"Delhi",2001,176,55222,3049469284,168397792801048,0.236,0.659,0.123,0.082,0.817,0.066994,0.538403,10.9191167035896,21.8382334071792,32.7573501107687
"Delhi",2002,274.5,59454,3534778116,210156698108664,0.236,0.663,0.123,0.082,0.817,0.066994,0.541671,10.992958183287,21.9859163665739,32.9788745498609
"Delhi",2006,423,117444,13793093136,1619916030264384,0.236,0.692,0.063,0.131,0.817,0.107027,0.565364,11.6737169032138,23.3474338064276,35.0211507096415
"Delhi",2007,84,130683,17078046489,2231810349321987,0.236,0.696,0.063,0.131,0.817,0.107027,0.568632,11.7805298222926,23.5610596445853,35.3415894668779
"Delhi",2008,270,146961,21597535521,3173995417701681,0.236,0.698,0.063,0.131,0.817,0.107027,0.570266,11.8979225244385,23.7958450488771,35.6937675733156
"Delhi",2010,241.666666666667,172235,29664895225,5109333229077875,0.194,0.702,0.245,0.142,0.863,0.122546,0.605826,12.0566151023554,24.1132302047108,36.1698453070662
"Goa",2011,67.4714285714285,38009,1444684081,54910997234729,0.18,0.75,0.034,0.051,0.874,0.044574,0.6555,10.5455782527711,21.0911565055422,31.6367347583134
"Goa",2012,51.9916666666666,32453,1053197209,34179409023677,0.18,0.765,0.034,0.051,0.874,0.044574,0.66861,10.387548167782,20.7750963355639,31.1626445033459
"Goa",2013,49.7332251082251,27971,782376841,21883862619611,0.18,0.761,0.034,0.051,0.874,0.044574,0.665114,10.238923538149,20.4778470762979,30.7167706144469
"Goa",2014,46.1294642857143,36042,1299025764,46819486586088,0.18,0.762,0.1695,0.051,0.887,0.045237,0.675894,10.4924402040782,20.9848804081564,31.4773206122346
"Goa",2015,12,41929,1758041041,73712902808089,0.18,0.758,0.079,0.051,0.887,0.045237,0.672346,10.6437329906078,21.2874659812156,31.9311989718234
"Goa",2017,43.7267857142857,47077,2216243929,104334115445533,0.18,0.761,0.1695,0.051,0.887,0.045237,0.675007,10.7595398380185,21.519079676037,32.2786195140556
"Goa",2018,36.16375,47425,2249130625,106665019890625,0.18,0.764,0.1695,0.051,0.887,0.045237,0.677668,10.7669047948032,21.5338095896064,32.3007143844096
"Gujarat",2000,391.17239976063,86431,7470317761,645667034400991,0.333,0.521,0.155818181818182,0.141,0.691,0.097431,0.360011,11.3671016867364,22.7342033734729,34.1013050602093
"Gujarat",2002,350.941421793694,101603,10323169609,1048865001783227,0.333,0.534,0.155818181818182,0.141,0.691,0.097431,0.368994,11.5288283412496,23.0576566824993,34.5864850237489
"Gujarat",2004,357.509866522367,172265,29675230225,5112003534709625,0.333,0.558,0.115857142857143,0.318,0.691,0.219738,0.385578,12.056789267813,24.113578535626,36.170367803439
"Gujarat",2005,321.613200555425,197270,38915452900,7676851393583000,0.333,0.569,0.107818181818182,0.318,0.691,0.219738,0.393179,12.1923286277379,24.3846572554758,36.5769858832137
"Gujarat",2006,382.962934921615,213954,45776314116,9794025510374664,0.333,0.579,0.107818181818182,0.318,0.691,0.219738,0.400089,12.2735163176272,24.5470326352544,36.8205489528816
"Gujarat",2007,344.648535748057,239253,57241998009,13695319749647278,0.333,0.585,0.107818181818182,0.318,0.691,0.219738,0.404235,12.3852768484215,24.7705536968431,37.1558305452646
"Gujarat",2008,402.198761961384,249480,62240270400,15527702659392000,0.333,0.589,0.107818181818182,0.318,0.691,0.219738,0.406999,12.4271340306401,24.8542680612801,37.2814020919202
"Gujarat",2009,421.067692612461,284732,81072311824,23083881490271168,0.333,0.592,0.0666111111111111,0.23,0.793,0.18239,0.469456,12.5593036659663,25.1186073319327,37.677910997899
"Gujarat",2010,446.949984663348,315892,99787755664,31522153712212288,0.269,0.599,0.0666111111111111,0.23,0.793,0.18239,0.475007,12.6631556619997,25.3263113239995,37.9894669859992
"Gujarat",2011,453.221701730693,532809,283885430481,151256712329151136,0.269,0.611,0.0666111111111111,0.166,0.793,0.131638,0.484523,13.1859182899575,26.3718365799151,39.5577548698726
"Gujarat",2012,420.591994147131,596659,356001962281,212411774812619168,0.269,0.618,0.0666111111111111,0.166,0.793,0.131638,0.490074,13.2991010399043,26.5982020798085,39.8973031197128
"Gujarat",2013,445.821093595086,641489,411508137121,263977943373613184,0.269,0.628,0.0666111111111111,0.166,0.793,0.131638,0.498004,13.3715473155798,26.7430946311596,40.1146419467395
"Gujarat",2014,439.044682441025,705629,497912285641,351341348204573184,0.269,0.642,0.258,0.166,0.78,0.12948,0.50076,13.4668448826034,26.9336897652068,40.4005346478102
"Gujarat",2015,389.226100019785,774775,600276300625,465079070816734400,0.269,0.654,0.258,0.166,0.78,0.12948,0.51012,13.5603279436031,27.1206558872062,40.6809838308092
"Gujarat",2016,438.081318188101,843930,712217844900,601062005846456960,0.269,0.666,0.258,0.166,0.78,0.12948,0.51948,13.6458248317499,27.2916496634998,40.9374744952497
"Gujarat",2017,430.375634539797,946511,895883073121,847963183422830848,0.269,0.662,0.258,0.166,0.78,0.12948,0.51636,13.7605378713284,27.5210757426568,41.2816136139851
"Gujarat",2018,329.433994752113,1034399,1069981291201,1106787577637023232,0.269,0.657,0.258,0.166,0.78,0.12948,0.51246,13.8493311396953,27.6986622793906,41.5479934190859
"Haryana",2000,382.729144148602,51090,2610188100,133354510029000,0.331,0.543,0.20875,0.087,0.579,0.050373,0.314397,10.8413440623248,21.6826881246497,32.5240321869745
"Haryana",2001,315.625,55036,3028961296,166701913886656,0.331,0.548,0.19475,0.087,0.579,0.050373,0.317292,10.9157427955477,21.8314855910954,32.7472283866431
"Haryana",2002,439.932577597841,58410,3411728100,199279038321000,0.331,0.555,0.2014,0.087,0.579,0.050373,0.321345,10.9752423870344,21.9504847740687,32.9257271611031
"Haryana",2004,378.059284666946,86222,7434233284,640994462213048,0.331,0.577,0.178,0.241,0.579,0.139539,0.334083,11.3646806445062,22.7293612890125,34.0940419335187
"Haryana",2005,465.611111111111,94011,8838068121,830875622123331,0.331,0.587,0.179142857142857,0.241,0.579,0.139539,0.339873,11.4511670756823,22.9023341513646,34.3535012270468
"Haryana",2006,406.340282131661,104700,10962090000,1.147730823e+15,0.331,0.596,0.1678,0.241,0.579,0.139539,0.345084,11.5588543968586,23.1177087937173,34.6765631905759
"Haryana",2007,421.929396000825,112896,12745506816,1438916737499136,0.331,0.606,0.179142857142857,0.241,0.579,0.139539,0.350874,11.6342223199264,23.2684446398528,34.9026669597792
"Haryana",2008,467.911363444669,121588,14783641744,1797513432369472,0.331,0.613,0.17925,0.241,0.579,0.139539,0.354927,11.7083935594341,23.4167871188681,35.1251806783022
"Haryana",2009,367.933952427501,136780,18708768400,2558985341752000,0.331,0.618,0.141222222222222,0.201,0.766,0.153966,0.473388,11.8261290746521,23.6522581493042,35.4783872239563
"Haryana",2010,324.466171174504,146053,21331478809,3115526474490877,0.2,0.628,0.141222222222222,0.201,0.766,0.153966,0.481048,11.8917248485156,23.7834496970311,35.6751745455467
"Haryana",2012,278.160222091907,289756,83958539536,24327490581793216,0.2,0.653,0.141222222222222,0.112,0.766,0.085792,0.500198,12.5767944684941,25.1535889369881,37.7303834054822
"Haryana",2013,327.477151836143,314931,99181534761,31235339923816492,0.2,0.663,0.141222222222222,0.112,0.766,0.085792,0.507858,12.6601088461943,25.3202176923886,37.9803265385829
"Haryana",2014,328.692405548454,333359,111128222881,37045593251387280,0.2,0.677,0.186222222222222,0.112,0.756,0.084672,0.511812,12.7169752663318,25.4339505326636,38.1509257989955
"Haryana",2015,384.055683760684,372700,138905290000,5.1770001583e+16,0.2,0.689,0.145166666666667,0.112,0.756,0.084672,0.520884,12.8285290854674,25.6570581709347,38.485587256402
"Haryana",2016,301.346720235342,412055,169789323025,69962539499066376,0.2,0.701,0.186222222222222,0.112,0.756,0.084672,0.529956,12.9289121145676,25.8578242291352,38.7867363437028
"Haryana",2017,374.232002565336,434407,188709441649,81976702418417136,0.2,0.705,0.186222222222222,0.112,0.756,0.084672,0.53298,12.9817371616525,25.963474323305,38.9452114849575
"Haryana",2018,315.892587973488,470328,221208427584,104040517328727552,0.2,0.705,0.186222222222222,0.112,0.756,0.084672,0.53298,13.061185602627,26.122371205254,39.183556807881
"Himachal Pradesh",2000,144.277777777778,13262,175880644,2332529100728,0.277,0.584,0.181,0.076,0.765,0.05814,0.44676,9.49265808192881,18.9853161638576,28.4779742457864
"Himachal Pradesh",2002,121.666666666667,14617,213656689,3123019823113,0.277,0.6,0.2145,0.076,0.765,0.05814,0.459,9.58994051388929,19.1798810277786,28.7698215416679
"Himachal Pradesh",2003,187.555555555556,15596,243235216,3793496428736,0.277,0.617,0.149333333333333,0.076,0.765,0.05814,0.472005,9.65476975010249,19.309539500205,28.9643092503075
"Himachal Pradesh",2004,253.194444444445,21189,448973721,9513304174269,0.277,0.629,0.064,0.229,0.765,0.175185,0.481185,9.96123745807703,19.9224749161541,29.8837123742311
"Himachal Pradesh",2005,201.830917874396,23009,529414081,12181288589729,0.277,0.641,0.0633333333333333,0.229,0.765,0.175185,0.490365,10.0436407227195,20.0872814454391,30.1309221681586
"Himachal Pradesh",2006,152.500427350427,24819,615982761,15288076145259,0.277,0.653,0.0633333333333333,0.229,0.765,0.175185,0.499545,10.1193647678583,20.2387295357166,30.3580943035749
"Himachal Pradesh",2007,210.835497835498,26362,694955044,18320404869928,0.277,0.656,0.0633333333333333,0.229,0.765,0.175185,0.50184,10.1796788582724,20.3593577165448,30.5390365748172
"Himachal Pradesh",2008,221.925523349436,27649,764467201,21136753640449,0.277,0.657,0.0633333333333333,0.229,0.765,0.175185,0.502605,10.2273448399312,20.4546896798624,30.6820345197935
"Himachal Pradesh",2009,240.810185185185,29149,849664201,24766861794949,0.277,0.657,0.0516666666666667,0.095,0.838,0.07961,0.550566,10.2801758858729,20.5603517717457,30.8405276576186
"Himachal Pradesh",2010,183.56884057971,31590,997928100,31524548679000,0.2,0.661,0.0516666666666667,0.095,0.838,0.07961,0.553918,10.3605958937961,20.7211917875923,31.0817876813884
"Himachal Pradesh",2011,191.836296296296,33955,1152942025,39148146458875,0.2,0.67,0.0516666666666667,0.081,0.838,0.067878,0.56146,10.4327913975479,20.8655827950958,31.2983741926437
"Himachal Pradesh",2012,149.263888888889,60536,3664607296,221840667270656,0.2,0.675,0.0516666666666667,0.081,0.838,0.067878,0.56565,11.0109935083744,22.0219870167487,33.0329805251231
"Himachal Pradesh",2013,205.693181818182,64519,4162701361,268573329110359,0.2,0.684,0.0675,0.081,0.838,0.067878,0.573192,11.074715033049,22.149430066098,33.2241450991469
"Himachal Pradesh",2014,146.151666666667,69398,4816082404,334226486672792,0.2,0.697,0.134,0.081,0.828,0.067068,0.577116,11.1476133276358,22.2952266552717,33.4428399829075
"Himachal Pradesh",2015,124.307407407407,74553,5558149809,414376742710377,0.2,0.707,0.128666666666667,0.081,0.828,0.067068,0.585396,11.2192655608319,22.4385311216638,33.6577966824957
"Himachal Pradesh",2018,119.20202020202,93525,8746925625,818056219078125,0.2,0.719,0.128666666666667,0.081,0.828,0.067068,0.595332,11.4459840592163,22.8919681184327,34.337952177649
"Jammu And Kashmir",2000,108.375,13917,193682889,2695484766213,0.322,0.523,0.293,0.035,0.555,0.019425,0.290265,9.54086639341985,19.0817327868397,28.6225991802596
"Jammu And Kashmir",2001,227.25,14185,201214225,2854223781625,0.322,0.531,0.293,0.035,0.555,0.019425,0.294705,9.55994034724295,19.1198806944859,28.6798210417289
"Jammu And Kashmir",2002,235.625,14907,222218649,3312613400643,0.322,0.541,0.293,0.035,0.555,0.019425,0.300255,9.60958618027043,19.2191723605409,28.8287585408113
"Jammu And Kashmir",2003,306.944444444445,15673,245642929,3849961626217,0.322,0.558,0.205,0.035,0.555,0.019425,0.30969,9.65969476565407,19.3193895313081,28.9790842969622
"Jammu And Kashmir",2004,278,23292,542517264,12636312113088,0.322,0.571,0.078,0.132,0.555,0.07326,0.316905,10.055865232957,20.111730465914,30.167595698871
"Jammu And Kashmir",2005,263.666666666667,24371,593945641,14475049216811,0.322,0.583,0.078,0.132,0.555,0.07326,0.323565,10.1011491798356,20.2022983596713,30.3034475395069
"Jammu And Kashmir",2006,223.5,25794,665330436,17161533266184,0.322,0.596,0.078,0.132,0.555,0.07326,0.33078,10.1578971857243,20.3157943714487,30.473691557173
"Jammu And Kashmir",2007,212,27387,750047769,20541558249603,0.322,0.608,0.078,0.132,0.555,0.07326,0.33744,10.2178237272332,20.4356474544664,30.6534711816996
"Jammu And Kashmir",2008,245.888888888889,29102,846926404,24647252209208,0.322,0.617,0.078,0.132,0.555,0.07326,0.342435,10.2785621793202,20.5571243586404,30.8356865379607
"Jammu And Kashmir",2009,262.444444444444,30512,930982144,28406127177728,0.322,0.624,0.022,0.094,0.687,0.064578,0.428688,10.3258753278402,20.6517506556804,30.9776259835206
"Jammu And Kashmir",2010,190.555555555556,32256,1040449536,33560740233216,0.256,0.636,0.022,0.094,0.687,0.064578,0.436932,10.381459351431,20.7629187028621,31.1443780542931
"Jammu And Kashmir",2012,217.982954545455,67316,4531443856,305038674610496,0.256,0.663,0.073,0.104,0.687,0.071448,0.455481,11.117153228833,22.2343064576659,33.3514596864989
"Jammu And Kashmir",2013,312.701388888889,70536,4975327296,350939686150656,0.256,0.666,0.073,0.104,0.687,0.071448,0.457542,11.1638784967669,22.3277569935337,33.4916354903006
"Jammu And Kashmir",2014,212.463888888889,67154,4509659716,302841688568264,0.256,0.673,0.10775,0.104,0.672,0.069888,0.452256,11.1147437683083,22.2294875366166,33.344231304925
"Jammu And Kashmir",2015,170.242647058824,80602,6496682404,523645595127208,0.256,0.677,0.10775,0.104,0.672,0.069888,0.454944,11.2972787420826,22.5945574841653,33.8918362262479
"Jammu And Kashmir",2016,246.948412698413,82636,6828708496,564297155275456,0.256,0.682,0.10775,0.104,0.672,0.069888,0.458304,11.3222006999115,22.644401399823,33.9666020997346
"Jharkhand",2000,240.733333333333,26663,710915569,18955141816247,0.535,0.555,0.0596666666666667,NA,0.536,NA,0.29748,10.1910321155339,20.3820642310678,30.5730963466018
"Jharkhand",2001,163.833333333333,28500,812250000,2.3149125e+13,0.535,0.556,0.110666666666667,NA,0.536,NA,0.298016,10.2576593662567,20.5153187325135,30.7729780987702
"Jharkhand",2002,146.375,29298,858372804,25148606411592,0.535,0.559,0.066,NA,0.536,NA,0.299624,10.2852745332897,20.5705490665794,30.8558235998691
"Jharkhand",2004,185.146296296296,53056,2814939136,149349410799616,0.535,0.576,0.118222222222222,0.453,0.536,0.242808,0.308736,10.879103238495,21.7582064769899,32.6373097154849
"Jharkhand",2005,172.511488511488,50678,2568259684,130154264265752,0.535,0.582,0.118285714285714,0.453,0.536,0.242808,0.311952,10.8332471703572,21.6664943407145,32.4997415110717
"Jharkhand",2006,179.084353741497,51527,2655031729,136805819900183,0.535,0.588,0.126142857142857,0.453,0.536,0.242808,0.315168,10.849861221114,21.699722442228,32.5495836633421
"Jharkhand",2007,241.031025641026,63005,3969630025,250106539725125,0.535,0.583,0.119,0.453,0.536,0.242808,0.312488,11.0509693673038,22.1019387346076,33.1529081019114
"Jharkhand",2008,204.578882575757,60472,3656862784,221137806274048,0.535,0.577,0.129,0.453,0.536,0.242808,0.309272,11.009935726972,22.019871453944,33.029807180916
"Jharkhand",2009,223.049111305361,66465,4417596225,293615533094625,0.535,0.569,0.067125,0.391,0.676,0.264316,0.384644,11.1044307723017,22.2088615446034,33.3132923169051
"Jharkhand",2010,182.120332792208,76134,5796385956,441302048374104,0.396,0.567,0.067125,0.391,0.676,0.264316,0.383292,11.240250224625,22.4805004492499,33.7207506738749
"Jharkhand",2011,205.343041666667,137383,18874088689,2592978926360887,0.396,0.569,0.067125,0.37,0.676,0.25012,0.384644,11.8305279247692,23.6610558495384,35.4915837743076
"Jharkhand",2012,219.958643369513,149526,22358024676,3343105997703576,0.396,0.567,0.0605555555555556,0.37,0.676,0.25012,0.383292,11.9152255697352,23.8304511394705,35.7456767092057
"Jharkhand",2013,227.013616557734,150609,22683070881,3416274622316529,0.396,0.571,0.0605555555555556,0.37,0.676,0.25012,0.385996,11.9224423535185,23.844884707037,35.7673270605555
"Jharkhand",2018,359.9,208701,43556107401,9090203170696100,0.396,0.599,0.256,0.37,0.664,0.24568,0.397736,12.2486578846207,24.4973157692413,36.745973653862
"Karnataka",2001,233.66908970659,92788,8609612944,798868765847872,0.396,0.518,0.0980833333333333,0.2,0.666,0.1332,0.344988,11.4380726000682,22.8761452001363,34.3142178002045
"Karnataka",2003,271.182983682983,99669,9933909561,990102832035309,0.396,0.54,0.0645,0.2,0.666,0.1332,0.35964,11.5096099748019,23.0192199496038,34.5288299244057
"Karnataka",2005,244.483796296296,164031,26906168961,4413445800841791,0.396,0.561,0.0433333333333333,0.334,0.666,0.222444,0.373626,12.0078107133337,24.0156214266674,36.0234321400012
"Karnataka",2006,182.363636363636,181086,32792139396,5938197354664056,0.396,0.572,0.036,0.334,0.666,0.222444,0.380952,12.1067273355271,24.2134546710543,36.3201820065814
"Karnataka",2007,175.836842105263,203810,41538516100,8465964966341000,0.396,0.58,0.012,0.334,0.666,0.222444,0.38628,12.2249434662804,24.4498869325609,36.6748303988413
"Karnataka",2009,116.557461197879,218363,47682399769,10412071860758146,0.396,0.59,0.083,0.236,0.756,0.178416,0.44604,12.2939140945813,24.5878281891626,36.8817422837439
"Karnataka",2010,154.88375,240817,57992827489,13965658737418512,0.257,0.599,0.11975,0.236,0.756,0.178416,0.452844,12.3917925879315,24.7835851758631,37.1753777637946
"Karnataka",2011,184.084529532967,554952,307971722304,170909523236049408,0.257,0.612,0.099,0.209,0.756,0.158004,0.462672,13.2266369025019,26.4532738050038,39.6799107075057
"Karnataka",2012,72.3948863636363,593192,351876748864,208730472412133888,0.257,0.622,0.0475,0.209,0.756,0.158004,0.470232,13.2932734029783,26.5865468059566,39.8798202089349
"Karnataka",2013,225.583430631163,646787,418333423369,270572619900565408,0.257,0.633,0.0839333333333333,0.209,0.756,0.158004,0.478548,13.3797723075344,26.7595446150689,40.1393169226033
"Karnataka",2014,201.467699882116,671283,450620866089,302494126850822208,0.257,0.649,0.0515,0.209,0.754,0.157586,0.489346,13.416946085608,26.8338921712159,40.2508382568239
"Karnataka",2016,194.640108310096,851394,724871743236,617151452960670976,0.257,0.676,0.0919333333333333,0.209,0.754,0.157586,0.509704,13.654630285135,27.30926057027,40.963890855405
"Karnataka",2017,48.8,915642,838400272164,767674502004789248,0.257,0.68,0.141,0.209,0.754,0.157586,0.51272,13.7273807375681,27.4547614751362,41.1821422127043
"Karnataka",2018,192.40854750199,974815,950264284225,926331878226793344,0.257,0.68,0.0976153846153846,0.209,0.754,0.157586,0.51272,13.7900029883866,27.5800059767733,41.3700089651599
"Kerala",2000,19.64,62909,3957542281,248965027355429,0.241,0.593,0.012,0.127,0.909,0.115443,0.539037,11.0494445167137,22.0988890334274,33.1483335501411
"Kerala",2001,46.6990845959596,66052,4362866704,288176071532608,0.241,0.606,0.05075,0.127,0.909,0.115443,0.550854,11.0981975895829,22.1963951791658,33.2945927687486
"Kerala",2002,41.5062599681021,70885,5024683225,356174670404125,0.241,0.62,0.05075,0.127,0.909,0.115443,0.56358,11.1688141245517,22.3376282491035,33.5064423736552
"Kerala",2004,40.8419034090909,104776,10978010176,1150231994200576,0.241,0.658,0.09575,0.197,0.909,0.179073,0.598122,11.5595800170092,23.1191600340185,34.6787400510277
"Kerala",2006,201,124625,15531390625,1935599556640625,0.241,0.692,0.095,0.197,0.909,0.179073,0.629028,11.7330645072641,23.4661290145283,35.1991935217924
"Kerala",2007,40.3658260713393,135747,18427248009,2501443635477723,0.241,0.698,0.09575,0.197,0.909,0.179073,0.634482,11.8185481381045,23.6370962762089,35.4556444143134
"Kerala",2008,30.1101449275362,144094,20763080836,2991835369982584,0.241,0.701,0.0876666666666667,0.197,0.909,0.179073,0.637209,11.8782211433692,23.7564422867384,35.6346634301075
"Kerala",2009,31.31875,157123,24687637129,3878995608619867,0.241,0.702,0.001,0.12,0.939,0.11268,0.659178,11.9647842170924,23.9295684341847,35.8943526512771
"Kerala",2010,35.8893221536887,167178,27948483684,4672371605323752,0.169,0.709,0.0751428571428572,0.12,0.939,0.11268,0.665751,12.0268143920281,24.0536287840562,36.0804431760843
"Kerala",2011,61.1014730639731,328021,107597776441,35294330225953260,0.169,0.721,0.0668333333333333,0.071,0.939,0.066669,0.677019,12.7008329097071,25.4016658194141,38.1024987291212
"Kerala",2014,54.5843667395729,382134,146026393956,55801650027982104,0.169,0.752,0.0417,0.071,0.94,0.06674,0.70688,12.8535266114182,25.7070532228365,38.5605798342547
"Kerala",2015,53.8334626834977,411150,169044322500,69502573195875000,0.169,0.763,0.0639285714285714,0.071,0.94,0.06674,0.71722,12.926713390399,25.8534267807981,38.7801401711971
"Kerala",2016,72.792122219841,443615,196794268225,87300889298633376,0.169,0.774,0.0639285714285714,0.071,0.94,0.06674,0.72756,13.0027123481337,26.0054246962675,39.0081370444012
"Kerala",2017,90.482549346715,473182,223901205124,105946020042984560,0.169,0.774,0.0639285714285714,0.071,0.94,0.06674,0.72756,13.0672353714787,26.1344707429574,39.201706114436
"Kerala",2018,64.7895999975401,510787,260903359369,133266044222013408,0.169,0.771,0.0639285714285714,0.071,0.94,0.06674,0.72474,13.1437079525426,26.2874159050852,39.4311238576277
"Madhya Pradesh",2000,364.051951316657,66750,4455562500,297408796875000,0.498,0.453,0.12647619047619,0.374,0.637,0.238238,0.288561,11.1087095762625,22.217419152525,33.3261287287875
"Madhya Pradesh",2001,337.425849937737,71525,5115825625,365909427828125,0.498,0.457,0.105461538461538,0.374,0.637,0.238238,0.291109,11.1778023179183,22.3556046358366,33.5334069537549
"Madhya Pradesh",2002,304.99060162893,67795,4596162025,311596804484875,0.498,0.464,0.105461538461538,0.374,0.637,0.238238,0.295568,11.1242437248964,22.2484874497928,33.3727311746892
"Madhya Pradesh",2004,293.375071818671,99940,9988003600,998201079784000,0.498,0.486,0.163576923076923,0.486,0.637,0.309582,0.309582,11.5123252848982,23.0246505697964,34.5369758546946
"Madhya Pradesh",2005,255.631043811058,104975,11019750625,1156798321859375,0.498,0.495,0.165,0.486,0.637,0.309582,0.315315,11.5614775055524,23.1229550111048,34.6844325166572
"Madhya Pradesh",2006,259.311439829792,114545,13120557025,1502894204428625,0.498,0.505,0.165526315789474,0.486,0.637,0.309582,0.321685,11.6487230378674,23.2974460757349,34.9461691136023
"Madhya Pradesh",2007,304.387609806465,119958,14389921764,1726186234965912,0.498,0.513,0.163576923076923,0.486,0.637,0.309582,0.326781,11.6948969604999,23.3897939209998,35.0846908814997
"Madhya Pradesh",2008,346.87938581654,135124,18258495376,2467160929186624,0.498,0.518,0.164304347826087,0.486,0.637,0.309582,0.329966,11.8139481543591,23.6278963087182,35.4418444630773
"Madhya Pradesh",2009,301.048614629017,147933,21884172489,3237391288815237,0.498,0.522,0.107923076923077,0.367,0.706,0.259102,0.368532,11.9045147475427,23.8090294950855,35.7135442426282
"Madhya Pradesh",2010,310.494999397924,155701,24242801401,3774628420937101,0.376,0.531,0.107923076923077,0.367,0.706,0.259102,0.374886,11.955692780409,23.9113855608181,35.8670783412271
"Madhya Pradesh",2011,299.850205915505,282371,79733381641,22514394707350812,0.376,0.543,0.107923076923077,0.317,0.706,0.223802,0.383358,12.55097708811,25.10195417622,37.65293126433
"Madhya Pradesh",2012,269.698342610556,306853,94158763609,28892899089712476,0.376,0.551,0.107923076923077,0.317,0.706,0.223802,0.389006,12.6341240845333,25.2682481690667,37.9023722536
"Madhya Pradesh",2013,250.152707747373,322598,104069469604,33572602755311192,0.376,0.56,0.107923076923077,0.317,0.706,0.223802,0.39536,12.684162245026,25.368324490052,38.052486735078
"Madhya Pradesh",2014,279.506098908186,339247,115088527009,39043437522222224,0.376,0.574,0.2,0.317,0.693,0.219681,0.397782,12.7344837346219,25.4689674692438,38.2034512038657
"Madhya Pradesh",2015,268.039927627363,370716,137430352656,50947630615221696,0.376,0.585,0.1733,0.317,0.693,0.219681,0.405405,12.8231915497936,25.6463830995872,38.4695746493807
"Madhya Pradesh",2016,257.503337978416,419465,175950886225,73805238490369632,0.376,0.597,0.2,0.317,0.693,0.219681,0.413721,12.9467353687508,25.8934707375015,38.8402061062523
"Madhya Pradesh",2017,336.104049410103,441956,195325105936,86325102519050816,0.376,0.603,0.2,0.317,0.693,0.219681,0.417879,12.9989656085933,25.9979312171867,38.99689682578
"Madhya Pradesh",2018,334.679817309729,482361,232672134321,112231963383211888,0.376,0.606,0.2,0.317,0.693,0.219681,0.419958,13.0864480753558,26.1728961507115,39.2593442260673
"Maharashtra",2000,343.389214670123,210526,44321196676,9330764251411576,0.375,0.552,0.0868076923076923,0.25,0.769,0.19225,0.424488,12.2573644399166,24.5147288798332,36.7720933197498
"Maharashtra",2001,367.534111263925,217963,47507869369,10354957731275346,0.375,0.557,0.0868076923076923,0.25,0.769,0.19225,0.428333,12.2920806025957,24.5841612051914,36.8762418077871
"Maharashtra",2002,301.472261967252,232994,54286204036,12648359823163784,0.375,0.565,0.0868076923076923,0.25,0.769,0.19225,0.434485,12.3587679811433,24.7175359622866,37.0763039434299
"Maharashtra",2004,340.717169663383,370023,136917020529,50662446687202168,0.375,0.589,0.0671153846153846,0.381,0.769,0.292989,0.452941,12.8213204448506,25.6426408897012,38.4639613345517
"Maharashtra",2005,321.708474529648,423632,179464071424,76026723505491968,0.375,0.598,0.0671153846153846,0.381,0.769,0.292989,0.459862,12.9566204328212,25.9132408656424,38.8698612984637
"Maharashtra",2006,275.134518608758,481983,232307612289,111968319893889088,0.375,0.608,0.0671153846153846,0.381,0.769,0.292989,0.467552,13.0856641227012,26.1713282454024,39.2569923681036
"Maharashtra",2007,303.746662367081,538081,289531162561,155791217481985440,0.375,0.617,0.0671153846153846,0.381,0.769,0.292989,0.474473,13.1957643854321,26.3915287708642,39.5872931562962
"Maharashtra",2008,279.874945778209,546533,298698320089,163248488973201440,0.375,0.624,0.0671153846153846,0.381,0.769,0.292989,0.479856,13.2113499690392,26.4226999380783,39.6340499071175
"Maharashtra",2009,288.024787459526,599338,359206038244,215285828549082464,0.375,0.629,0.0818695652173913,0.245,0.829,0.203105,0.521441,13.3035809917446,26.6071619834893,39.9107429752339
"Maharashtra",2011,293.174107038668,1126595,1269216294025,1429892730767094784,0.275,0.652,0.0818695652173913,0.174,0.829,0.144246,0.540508,13.9347103673005,27.8694207346009,41.8041311019014
"Maharashtra",2012,273.540158130594,1189711,1415412263521,1683931539445832448,0.275,0.662,0.0818695652173913,0.174,0.829,0.144246,0.548798,13.9892209784503,27.9784419569006,41.9676629353509
"Maharashtra",2013,244.976243781689,1267551,1606685537601,2036555859871685120,0.275,0.667,0.0818695652173913,0.174,0.829,0.144246,0.552943,14.0525972503244,28.1051945006488,42.1577917509732
"Maharashtra",2014,236.671305811826,1345341,1809942406281,2434989726808486912,0.275,0.676,0.183565217391304,0.174,0.823,0.143202,0.556348,14.1121580704829,28.2243161409658,42.3364742114487
"Maharashtra",2015,279.10485727728,1452513,2109794015169,3064503234355169792,0.275,0.683,0.194619047619048,0.174,0.823,0.143202,0.562109,14.1888057177542,28.3776114355084,42.5664171532626
"Maharashtra",2016,302.191955623299,1596121,2547602246641,4066281445510879744,0.275,0.69,0.183565217391304,0.174,0.823,0.143202,0.56787,14.2830868686545,28.5661737373089,42.8492606059634
"Maharashtra",2017,360.876129932633,1661065,2759136934225,4583105791648449536,0.275,0.696,0.183565217391304,0.174,0.823,0.143202,0.572808,14.3229695208821,28.6459390417643,42.9689085626464
"Maharashtra",2018,440.312247389029,1728578,2987981902084,5164959780340556800,0.275,0.699,0.183565217391304,0.174,0.823,0.143202,0.575277,14.3628096631573,28.7256193263146,43.088428989472
"Odisha",2009,183.921652809556,93957,8827917849,829444677338493,0.486,0.519,0.122666666666667,0.37,0.735,0.27195,0.381465,11.4505925097829,22.9011850195658,34.3517775293488
"Odisha",2012,193.531901555235,216301,46786122601,10119885104718902,0.36,0.552,0.122666666666667,0.326,0.735,0.23961,0.40572,12.284426235139,24.5688524702779,36.8532787054169
"Odisha",2013,172.138129466365,233122,54345866884,12669217179731848,0.36,0.562,0.122666666666667,0.326,0.735,0.23961,0.41307,12.3593172006647,24.7186344013294,37.0779516019941
"Odisha",2014,184.74081921913,235931,55663436761,13132730298459492,0.36,0.575,0.108,0.326,0.729,0.237654,0.419175,12.3712946683771,24.7425893367542,37.1138840051313
"Odisha",2015,155.713625704368,253192,64106188864,16231174170853888,0.36,0.586,0.108,0.326,0.729,0.237654,0.427194,12.4419033731764,24.8838067463528,37.3257101195292
"Odisha",2017,231.3941369987,316192,99977380864,31612048010149888,0.36,0.604,0.108,0.326,0.729,0.237654,0.440316,12.6641049029947,25.3282098059894,37.9923147089841
"Odisha",2018,212.490036342316,338339,114473278921,38730774716852216,0.36,0.607,0.116307692307692,0.326,0.729,0.237654,0.442503,12.7318036304181,25.4636072608363,38.1954108912544
"Punjab",2000,377.32110884453,63172,3990701584,252100600464448,0.272,0.573,0.078125,0.062,0.697,0.043214,0.399381,11.0536164439899,22.1072328879799,33.1608493319698
"Punjab",2001,414.95,63995,4095360025,262082564799875,0.272,0.577,0.1032,0.062,0.697,0.043214,0.402169,11.0665602342899,22.1331204685798,33.1996807028697
"Punjab",2002,440.565968253968,65085,4236057225,275703784489125,0.272,0.582,0.081,0.062,0.697,0.043214,0.405654,11.0834493869006,22.1668987738011,33.2503481607017
"Punjab",2004,375.418898809524,86108,7414587664,638455314571712,0.272,0.603,0.083625,0.209,0.697,0.145673,0.420291,11.3633576013143,22.7267152026287,34.090072803943
"Punjab",2005,363.136351148851,90330,8159508900,737048438937000,0.272,0.611,0.083625,0.209,0.697,0.145673,0.425867,11.4112249101439,22.8224498202878,34.2336747304317
"Punjab",2006,395.518389249639,100072,10014405184,1002161555573248,0.272,0.619,0.083625,0.209,0.697,0.145673,0.431443,11.5136452058946,23.0272904117892,34.5409356176837
"Punjab",2007,371.44561176492,108738,11823952644,1285712962603272,0.272,0.628,0.083625,0.209,0.697,0.145673,0.437716,11.5966965980349,23.1933931960698,34.7900897941047
"Punjab",2008,452.639428827751,114766,13171234756,1511609928007096,0.272,0.636,0.083625,0.209,0.697,0.145673,0.443292,11.650650551754,23.3013011035081,34.9519516552621
"Punjab",2009,375.218811802233,122097,14907677409,1820182688606673,0.272,0.641,0.0563,0.159,0.767,0.121953,0.491647,11.7125710897724,23.4251421795448,35.1377132693171
"Punjab",2010,367.823380544576,129983,16895580289,2196138212705087,0.164,0.651,0.0563,0.159,0.767,0.121953,0.499317,11.7751589516559,23.5503179033118,35.3254768549677
"Punjab",2012,318.164655306567,251813,63409786969,15967408686024796,0.164,0.675,0.0563,0.083,0.767,0.063661,0.517725,12.4364420275361,24.8728840550722,37.3093260826083
"Punjab",2013,262.564715839716,267515,71564275225,19144517086815876,0.164,0.684,0.0563,0.083,0.767,0.063661,0.524628,12.4969309185124,24.9938618370248,37.4907927555373
"Punjab",2014,324.654052973171,278485,77553895225,21597596511734124,0.164,0.696,0.0879,0.083,0.758,0.062914,0.527568,12.5371194769349,25.0742389538698,37.6113584308046
"Punjab",2015,292.83480052789,294895,86963061025,25644971880967376,0.164,0.706,0.09,0.083,0.758,0.062914,0.535148,12.5943746397597,25.1887492795193,37.783123919279
"Punjab",2016,315.227991680395,315783,99718903089,31489534374153688,0.164,0.717,0.0879,0.083,0.758,0.062914,0.543486,12.6628105478158,25.3256210956315,37.9884316434473
"Punjab",2017,421.533376623377,335057,112263193249,37614568740430192,0.164,0.716,0.0879,0.083,0.758,0.062914,0.542728,12.7220559455872,25.4441118911744,38.1661678367616
"Punjab",2018,324.098275863921,353942,125274939364,44340062588372888,0.164,0.712,0.0879,0.083,0.758,0.062914,0.539696,12.7768883368845,25.5537766737689,38.3306650106534
"Rajasthan",2000,432.591772506799,71764,5150071696,369589745191744,0.481,0.463,0.105409090909091,0.153,0.601,0.091953,0.278263,11.1811382365393,22.3622764730785,33.5434147096178
"Rajasthan",2001,411.953048749451,79936,6389764096,510772182777856,0.481,0.467,0.105409090909091,0.153,0.601,0.091953,0.280667,11.2889815934852,22.5779631869705,33.8669447804557
"Rajasthan",2002,387.741269012388,70333,4946730889,347918423616037,0.481,0.474,0.105409090909091,0.153,0.601,0.091953,0.284874,11.1609963844424,22.3219927688847,33.4829891533271
"Rajasthan",2003,500,92712,8595514944,796907381488128,0.481,0.487,0.055,0.153,0.601,0.091953,0.292687,11.4372531930142,22.8745063860285,34.3117595790427
"Rajasthan",2004,432.271333609599,112636,12686868496,1428998119915456,0.481,0.496,0.104454545454545,0.344,0.601,0.206744,0.298096,11.6319166593977,23.2638333187954,34.8957499781931
"Rajasthan",2005,413.02400226787,120202,14448520804,1736741097682408,0.481,0.505,0.104454545454545,0.344,0.601,0.206744,0.303505,11.6969289398799,23.3938578797599,35.0907868196398
"Rajasthan",2006,399.866037492877,134350,18049922500,2425007087875000,0.481,0.514,0.104454545454545,0.344,0.601,0.206744,0.308914,11.8082036140436,23.6164072280873,35.4246108421309
"Rajasthan",2007,505.990228332777,140471,19732101841,2771788077707111,0.481,0.522,0.104454545454545,0.344,0.601,0.206744,0.313722,11.8527563407574,23.7055126815148,35.5582690222722
"Rajasthan",2008,453.831344724891,152284,23190416656,3531529410042304,0.481,0.529,0.104454545454545,0.344,0.601,0.206744,0.317929,11.9335024775536,23.8670049551072,35.8005074326608
"Rajasthan",2009,440.125757615466,161159,25972223281,4185657531742679,0.481,0.533,0.14555,0.248,0.671,0.166408,0.357643,11.9901467342724,23.9802934685448,35.9704402028171
"Rajasthan",2010,443.861464439506,185366,34360553956,6369278444607896,0.34,0.542,0.14555,0.248,0.671,0.166408,0.363682,12.1300875280256,24.2601750560512,36.3902625840769
"Rajasthan",2011,445.78248556787,395331,156286599561,61784937691049688,0.34,0.555,0.14555,0.147,0.671,0.098637,0.372405,12.887478667662,25.7749573353241,38.6624360029861
"Rajasthan",2012,431.642905905222,409802,167937679204,68821196813157608,0.34,0.563,0.14555,0.147,0.671,0.098637,0.377773,12.9234293952045,25.846858790409,38.7702881856135
"Rajasthan",2013,414.291029641854,434292,188609541264,81911614894625088,0.34,0.576,0.14555,0.147,0.671,0.098637,0.386496,12.9814723979066,25.9629447958131,38.9444171937197
"Rajasthan",2014,393.704533234739,465408,216604606464,100809516685197312,0.34,0.592,0.2367,0.147,0.661,0.097167,0.391312,13.050669719217,26.101339438434,39.152009157651
"Rajasthan",2015,484.483811805996,501922,251925694084,126447048226029440,0.34,0.606,0.2367,0.147,0.661,0.097167,0.400566,13.1262000081153,26.2524000162306,39.378600024346
"Rajasthan",2016,417.929118835957,529650,280529122500,148582249732124992,0.34,0.622,0.2367,0.147,0.661,0.097167,0.411142,13.1799716900246,26.3599433800493,39.5399150700739
"Rajasthan",2017,501.972104211931,557618,310937833924,173384533077033024,0.34,0.634,0.2367,0.147,0.661,0.097167,0.419074,13.2314294191126,26.4628588382252,39.6942882573378
"Rajasthan",2018,404.79166266246,568102,322739882404,183349172673477216,0.34,0.643,0.236947368421053,0.147,0.661,0.097167,0.425023,13.250056259046,26.5001125180919,39.7501687771379
"Tamil Nadu",2000,405.053783497832,126349,15964069801,2017044255286549,0.404,0.537,0.0517647058823529,0.211,0.735,0.155085,0.394695,11.7468031982619,23.4936063965237,35.2404095947856
"Tamil Nadu",2001,408.443902910631,123901,15351457801,1902060973001701,0.404,0.545,0.0517647058823529,0.211,0.735,0.155085,0.400575,11.7272381386097,23.4544762772194,35.181714415829
"Tamil Nadu",2002,409.964833233047,124521,15505479441,1930757805472761,0.404,0.554,0.0517647058823529,0.211,0.735,0.155085,0.40719,11.7322296553617,23.4644593107234,35.1966889660851
"Tamil Nadu",2004,318.508096315449,193645,37498386025,7261374961811125,0.404,0.583,0.224176470588235,0.289,0.735,0.212415,0.428505,12.1737818648316,24.3475637296632,36.5213455944948
"Tamil Nadu",2005,414.470320594438,221588,49101241744,10880245955569472,0.404,0.596,0.224176470588235,0.289,0.735,0.212415,0.43806,12.3085750807645,24.6171501615289,36.9257252422934
"Tamil Nadu",2006,415.377019630696,256286,65682513796,16833508730721656,0.404,0.609,0.224176470588235,0.289,0.735,0.212415,0.447615,12.4540492873721,24.9080985747443,37.3621478621164
"Tamil Nadu",2007,418.629384289601,272340,74169075600,20199206048904000,0.404,0.618,0.224176470588235,0.289,0.735,0.212415,0.45423,12.5148065646786,25.0296131293571,37.5444196940357
"Tamil Nadu",2009,371.718820245016,316760,100336897600,31782715683776000,0.404,0.631,0.0787826086956522,0.171,0.803,0.137313,0.506693,12.6658996683243,25.3317993366487,37.997699004973
"Tamil Nadu",2010,354.784444713327,359961,129571921521,46640838442620680,0.237,0.641,0.0772857142857143,0.171,0.803,0.137313,0.514723,12.7937509712305,25.587501942461,38.3812529136914
"Tamil Nadu",2011,329.417115975812,674478,454920572484,306833917887863360,0.237,0.656,0.0787826086956522,0.113,0.803,0.090739,0.526768,13.4216943373449,26.8433886746897,40.2650830120346
"Tamil Nadu",2013,0,750416,563124173056,422577389447991296,0.237,0.673,0.0770909090909091,0.113,0.803,0.090739,0.540419,13.5283829984085,27.0567659968169,40.5851489952254
"Tamil Nadu",2014,367.012514775918,791915,627129367225,496633152845985856,0.237,0.684,0.172095238095238,0.113,0.801,0.090513,0.547884,13.5822093418047,27.1644186836094,40.7466280254141
"Tamil Nadu",2015,368.919326414326,862437,743797578969,641478552613287424,0.237,0.693,0.165333333333333,0.113,0.801,0.090513,0.555093,13.6675173817416,27.3350347634832,41.0025521452248
"Tamil Nadu",2016,364.109782133847,922084,850238903056,783991688685488640,0.237,0.702,0.168173913043478,0.113,0.801,0.090513,0.562302,13.7343916046795,27.468783209359,41.2031748140384
"Tamil Nadu",2017,392.697291145027,1000308,1000616094864,1000924284621218176,0.237,0.703,0.168173913043478,0.113,0.801,0.090513,0.563103,13.815818510542,27.631637021084,41.447455531626
"Tamil Nadu",2018,406.755771361889,1071602,1148330846404,1230553631668219136,0.237,0.702,0.168173913043478,0.113,0.801,0.090513,0.562302,13.8846652830189,27.7693305660378,41.6539958490567
"Telangana",2004,351.969264069264,79916,6386567056,510388892847296,0.394,0.64,0.110857142857143,0.372,0.605,0.22506,0.3872,11.2887313620198,22.5774627240397,33.8661940860595
"Telangana",2005,418.905844155844,92751,8602748001,797913479840751,0.394,0.646,0.110857142857143,0.372,0.605,0.22506,0.39083,11.4376737620827,22.8753475241654,34.3130212862482
"Telangana",2006,261.841960420532,102977,10604262529,1091995142448833,0.394,0.652,0.110857142857143,0.372,0.605,0.22506,0.39446,11.5422609413055,23.084521882611,34.6267828239166
"Telangana",2007,378.602976190476,113456,12872263936,1460435577122816,0.394,0.647,0.099625,0.372,0.605,0.22506,0.391435,11.6391703755438,23.2783407510876,34.9175111266313
"Telangana",2008,326.953869047619,128918,16619850724,2142597915636632,0.394,0.641,0.099625,0.372,0.605,0.22506,0.387805,11.7669318223123,23.5338636446246,35.3007954669369
"Telangana",2009,312.602056277056,129267,16709957289,2160046048877163,0.394,0.633,0.0964285714285714,0.298,0.7404,0.2206392,0.4686732,11.769635311768,23.5392706235361,35.3089059353041
"Telangana",2010,386.357431457431,152123,23141407129,3520340276684867,0.27,0.631,0.0964285714285714,0.298,0.7404,0.2206392,0.4671924,11.9324446831204,23.8648893662408,35.7973340493612
"Telangana",2011,468.752380952381,325139,105715369321,34372189465660620,0.27,0.633,0.0964285714285714,0.219,0.7404,0.1621476,0.4686732,12.6920080621853,25.3840161243706,38.0760241865558
"Telangana",2013,304.463311688312,349593,122215265649,42725601364030856,0.27,0.637,0.0964285714285714,0.219,0.7404,0.1621476,0.4716348,12.7645248996798,25.5290497993595,38.2935746990393
"Telangana",2014,313.465138782786,372897,139052172609,51852138009378272,0.27,0.646,0.174428571428571,0.219,0.67,0.14673,0.43282,12.8290575210823,25.6581150421645,38.4871725632468
"Telangana",2015,389.228063967522,416892,173798939664,72455387554404288,0.27,0.654,0.174428571428571,0.219,0.67,0.14673,0.43818,12.9405824744308,25.8811649488615,38.8217474232923
"Telangana",2016,373.745158730159,455731,207690744361,94651110618382896,0.27,0.662,0.174428571428571,0.219,0.67,0.14673,0.44354,13.0296580021491,26.0593160042982,39.0889740064473
"Telangana",2017,405.649520771375,498145,248148441025,123613905154398624,0.27,0.664,0.174428571428571,0.219,0.67,0.14673,0.44488,13.1186464782852,26.2372929565704,39.3559394348557
"Telangana",2018,401.426694139194,544441,296416002481,161381024806758112,0.27,0.662,0.174428571428571,0.219,0.67,0.14673,0.44354,13.207514859194,26.415029718388,39.622544577582
"Uttar Pradesh",2000,349.310872663921,160015,25604800225,4097152108003375,0.46,0.456,0.0843658536585366,0.312,0.563,0.175656,0.256728,11.9830228398217,23.9660456796434,35.9490685194651
"Uttar Pradesh",2001,323.049723944602,162926,26544881476,4324851359358776,0.46,0.461,0.0804642857142857,0.312,0.563,0.175656,0.259543,12.0010513889752,24.0021027779504,36.0031541669256
"Uttar Pradesh",2002,205.444444444444,168198,28290567204,4758416822578392,0.46,0.468,0.0336666666666667,0.312,0.563,0.175656,0.263484,12.0328971358439,24.0657942716877,36.0986914075316
"Uttar Pradesh",2004,341.525657202275,231029,53374398841,12331033989837390,0.46,0.489,0.1137,0.409,0.563,0.230267,0.275307,12.3502985227498,24.7005970454997,37.0508955682495
"Uttar Pradesh",2005,318.548858513282,244514,59787096196,14618782039268744,0.46,0.498,0.0865384615384615,0.409,0.563,0.230267,0.280374,12.4070278459715,24.814055691943,37.2210835379145
"Uttar Pradesh",2006,348,263935,69661684225,18386156625925376,0.46,0.508,0.032,0.409,0.563,0.230267,0.286004,12.4834581396921,24.9669162793841,37.4503744190762
"Uttar Pradesh",2007,342,280851,78877284201,22152764145135052,0.46,0.514,0.032,0.409,0.563,0.230267,0.289382,12.5455795585738,25.0911591171476,37.6367386757214
"Uttar Pradesh",2008,372,302192,91320004864,27596174909861888,0.46,0.518,0.032,0.409,0.563,0.230267,0.291634,12.6188178559356,25.2376357118713,37.8564535678069
"Uttar Pradesh",2009,336,320989,103033938121,33072760763521668,0.46,0.521,0.055,0.377,0.697,0.262769,0.363137,12.6791621336122,25.3583242672244,38.0374864008367
"Uttar Pradesh",2010,244,346621,120146117641,41645167442841064,0.363,0.528,0.055,0.377,0.697,0.262769,0.368016,12.755987243003,25.5119744860059,38.2679617290089
"Uttar Pradesh",2012,397,673552,453672296704,305571882789572608,0.363,0.545,0.055,0.294,0.697,0.204918,0.379865,13.4203204804639,26.8406409609277,40.2609614413916
"Uttar Pradesh",2013,238,707469,500512385961,354096997183442688,0.363,0.554,0.055,0.294,0.697,0.204918,0.386138,13.4694490912852,26.9388981825703,40.4083472738555
"Uttar Pradesh",2014,37,729686,532441658596,388515224094280832,0.363,0.567,0.144,0.294,0.677,0.199038,0.383859,13.5003695836028,27.0007391672056,40.5011087508085
"Uttar Pradesh",2015,269,792049,627341618401,496885301512893632,0.363,0.577,0.144,0.294,0.677,0.199038,0.390629,13.5823785375696,27.1647570751393,40.7471356127089
"Uttar Pradesh",2016,285.191700658021,888453,789348733209,701299250065735680,0.363,0.588,0.192591836734694,0.294,0.677,0.199038,0.398076,13.6972370270347,27.3944740540695,41.0917110811043
"Uttar Pradesh",2017,460,922458,850928761764,784946043719295872,0.363,0.595,0.144,0.294,0.677,0.199038,0.402815,13.7347971254051,27.4695942508102,41.2043913762152
"Uttar Pradesh",2018,308.71584654545,949184,900950265856,855167577146261504,0.363,0.6,0.19425,0.294,0.677,0.199038,0.4062,13.7633579471016,27.5267158942033,41.2900738413049
"Uttarakhand",2000,244,12582,158306724,1991815201368,0.351,0.621,0.14,NA,0.716,NA,0.444636,9.44002250012998,18.88004500026,28.3200675003899
"Uttarakhand",2004,195,22288,496754944,11071674191872,0.351,0.644,0.08,0.327,0.716,0.234132,0.461104,10.0118036960196,20.0236073920392,30.0354110880588
"Uttarakhand",2005,261,25448,647600704,16480142715392,0.351,0.65,0.08,0.327,0.716,0.234132,0.4654,10.144392433429,20.288784866858,30.4331773002869
"Uttarakhand",2007,172.666666666667,33498,1122116004,37588641901992,0.351,0.651,0.08,0.327,0.716,0.234132,0.466116,10.4192410145384,20.8384820290768,31.2577230436152
"Uttarakhand",2008,159.714285714285,37064,1373740096,50916302918144,0.351,0.645,0.05,0.327,0.716,0.234132,0.46182,10.5204014270965,21.040802854193,31.5612042812895
"Uttarakhand",2009,76,43407,1884167649,81786065140143,0.351,0.636,0.014,0.18,0.796,0.14328,0.506256,10.6783759974052,21.3567519948104,32.0351279922156
"Uttarakhand",2012,159,109528,11996382784,1313939813565952,0.254,0.633,0.014,0.113,0.796,0.089948,0.503868,11.6039355033136,23.2078710066272,34.8118065099408
"Uttarakhand",2016,150.1,150303,22590991809,3395493841868127,0.254,0.676,0.146,0.113,0.788,0.089044,0.532688,11.9204085356217,23.8408170712434,35.7612256068651
"West Bengal",2000,189.519738107896,129691,16819755481,2181370908086371,0.455,0.5,0.165,0.27,0.686,0.18522,0.343,11.7729099769948,23.5458199539896,35.3187299309844
"West Bengal",2001,180.39397346145,139057,19336849249,2688924246018193,0.455,0.503,0.165,0.27,0.686,0.18522,0.345058,11.8426391999988,23.6852783999975,35.5279175999963
"West Bengal",2002,180.662919996363,143931,20716132761,2981693704423491,0.455,0.508,0.165,0.27,0.686,0.18522,0.348488,11.8770892970544,23.7541785941089,35.6312678911633
"West Bengal",2004,147.365681420029,190029,36111020841,6862141179394389,0.455,0.527,0.1864,0.343,0.686,0.235298,0.361522,12.1549319710746,24.3098639421491,36.4647959132237
"West Bengal",2005,166.517369150411,201994,40801576036,8241673549815784,0.455,0.534,0.1864,0.343,0.686,0.235298,0.366324,12.2159932729719,24.4319865459438,36.6479798189157
"West Bengal",2006,85.2166666666666,217849,47458186801,10338718536411048,0.455,0.542,0.159,0.343,0.686,0.235298,0.371812,12.2915574412206,24.5831148824412,36.8746723236618
"West Bengal",2007,162.107035573123,234798,55130100804,12944437408577592,0.455,0.549,0.1864,0.343,0.686,0.235298,0.376614,12.3664808490122,24.7329616980245,37.0994425470367
"West Bengal",2008,124.609333333333,244262,59663924644,14573629561392728,0.455,0.555,0.194666666666667,0.343,0.686,0.235298,0.38073,12.405996698688,24.8119933973759,37.2179900960639
"West Bengal",2009,135.154048749935,263230,69290032900,18239215360267000,0.455,0.558,0.12925,0.267,0.771,0.205857,0.430218,12.4807834537008,24.9615669074016,37.4423503611024
"West Bengal",2010,138.830687830688,279191,77947614481,21762272434564872,0.312,0.567,0.143666666666667,0.267,0.771,0.205857,0.437157,12.5396514143938,25.0793028287876,37.6189542431813
"West Bengal",2011,112.95854899931,473205,223922972025,105961469977090128,0.312,0.578,0.12925,0.2,0.771,0.1542,0.445638,13.0672839773873,26.1345679547745,39.2018519321618
"West Bengal",2012,77.5623543123542,492901,242951395801,119750985941708704,0.312,0.586,0.12925,0.2,0.771,0.1542,0.451806,13.1080636215005,26.216127243001,39.3241908645015
"West Bengal",2013,210.245048574784,503952,253967618304,127987489179537408,0.312,0.596,0.1102,0.2,0.771,0.1542,0.459516,13.1302363044228,26.2604726088457,39.3907089132685
"West Bengal",2015,181.25,546988,299195872144,163656551712302272,0.312,0.622,0.08,0.2,0.763,0.1526,0.474586,13.2121821433207,26.4243642866414,39.6365464299621
"West Bengal",2016,187.59499019943,584911,342120877921,200110264825650016,0.312,0.634,0.0746,0.2,0.763,0.1526,0.483742,13.2792149778879,26.5584299557758,39.8376449336637
"West Bengal",2017,142.878177196805,623787,389110221369,242721897657104416,0.312,0.637,0.0746,0.2,0.763,0.1526,0.486031,13.3435642429259,26.6871284858517,40.0306927287776
"West Bengal",2018,181.654642063492,659288,434660666944,286566561788175872,0.312,0.637,0.0746,0.2,0.763,0.1526,0.486031,13.3989157438133,26.7978314876267,40.19674723144
